,City ID,City Name,Cloudiness,Wind Speed,Country,Temperature,Feels Like,Min Temp,Max Temp,Barometric Pressure,Humidity,Sea Level,Ground Level,Latitude,Longitude
0,5880054,Barrow,1.0,70.0,US,0.76,-26.72,-7.6,-7.6,1026.0,69.0,,,89.56284638366532,-162.30052715615807
1,1337619,Ugoofaaru,49.0,76.0,MV,82.08,82.69,82.08,82.08,1013.0,67.0,1013.0,1013.0,5.914249703828432,62.14822876202879
2,2108502,Honiara,40.0,340.0,SB,9.14,98.71,91.4,91.4,1003.0,75.0,,,-10.979518239457548,158.74783033536494
3,3372964,Lagoa,100.0,233.0,PT,61.09,54.27,61.09,61.09,1015.0,76.0,1015.0,1009.0,47.9458892835664,-27.492200384770598
4,3460967,Itaberá,36.0,146.0,BR,67.33,71.06,67.33,67.33,1012.0,92.0,1012.0,942.0,,
5,6201424,Mataura,100.0,21.0,NZ,0.59,53.2,59.0,59.0,1016.0,92.0,,,-49.90681267014069,-142.50626060250136
6,2729907,Longyearbyen,0.0,120.0,SJ,0.05,-14.49,5.0,5.0,1027.0,60.0,,,82.31258658125321,14.590607591532915
7,4033557,Tautira,20.0,70.0,PF,84.09,81.21,84.0,84.2,1012.0,62.0,,,-18.316709553948428,-142.28426469212602
8,3668605,Santa Marta,53.0,73.0,CO,75.99,75.69,75.99,75.99,998.0,81.0,,,14.042883286632076,-74.24108785721123
9,2963155,Kinsale,75.0,46.08,IE,48.58,32.79,48.2,48.99,983.0,100.0,,,51.7814550219054,-8.558970695371443
10,544084,Koslan,99.0,249.0,RU,15.21,7.18,15.21,15.21,1017.0,97.0,1017.0,1002.0,65.73643851170056,48.96549951156928
11,5592562,Emmett,100.0,5.01,US,33.39,28.63,33.01,34.0,1022.0,93.0,,,44.77503354507252,-115.58475974369661
12,1819729,Hong Kong,45.0,3.0,HK,58.12,56.75,50.0,61.0,1024.0,71.0,,,,
13,6089245,Norman Wells,40.0,280.0,CA,1.84,-33.77,-18.4,-18.4,1018.0,75.0,,,78.0264050289025,-118.3353346328843
14,3836669,San Rafael,0.0,32.0,AR,64.15,58.78,64.15,64.15,1014.0,29.0,1014.0,935.0,-35.91295849463402,-69.33045269751192
15,3874787,Punta Arenas,0.0,260.0,CL,48.09,26.6,48.0,48.2,1000.0,66.0,,,-61.39668845403592,-94.38365410941545
16,2075265,Busselton,0.0,11.99,AU,75.99,72.68,75.99,75.99,1015.0,40.0,,,-78.84285100079205,90.36003378085132
17,2138555,Poum,36.0,164.0,NC,79.47,82.02,79.47,79.47,1007.0,73.0,1007.0,1007.0,-18.473828831515164,160.38430143084724
18,1810637,Ganzhou,81.0,25.0,CN,44.11,35.74,44.11,44.11,1034.0,55.0,1034.0,1028.0,25.461211795890733,115.38138254847894
19,6050066,La Ronge,100.0,180.0,CA,0.32,-5.76,3.2,3.2,1011.0,84.0,1011.0,964.0,63.268234346564725,-105.49075076917156
20,515805,Oktyabr'skoye,71.0,0.0,RU,2.48,18.82,24.8,24.8,1015.0,92.0,,,,
21,4013679,Coahuayana Viejo,67.0,17.0,MX,71.17,76.17,71.17,71.17,1014.0,88.0,1014.0,1012.0,,
22,1265451,Kushālnagar,8.0,78.0,IN,71.38,69.75,71.38,71.38,1015.0,71.0,1015.0,921.0,,
23,1507390,Dikson,98.0,152.0,RU,14.91,-23.21,-14.91,-14.91,1014.0,89.0,1014.0,1007.0,72.25164882473712,75.8978863420216
24,3672086,Pizarro,88.0,169.0,CO,76.03,83.7,76.03,76.03,1011.0,88.0,1011.0,1011.0,2.9757282262669094,-80.15085154260349
25,7281807,Seddon,40.0,160.0,AU,70.88,66.42,69.01,73.99,1012.0,60.0,,,-42.73379601543272,174.06527389469363
26,3576994,Cockburn Town,0.0,67.0,TC,77.29,75.61,77.29,77.29,1016.0,72.0,1016.0,1015.0,24.56625203399416,-68.63706412184665
27,1006984,East London,0.0,280.0,ZA,6.26,62.22,62.6,62.6,1018.0,88.0,,,-63.97794628527576,45.91348998100767
28,3831208,Qaanaaq,0.0,56.0,GL,1.99,-8.45,1.99,1.99,1020.0,70.0,1020.0,1020.0,83.36133854629571,-91.44914436337943
29,2618795,Klaksvík,94.0,110.0,FO,4.28,37.87,42.8,42.8,999.0,100.0,,,,
30,1054463,Tsiroanomandidy,38.0,78.0,MG,71.78,73.96,71.78,71.78,1015.0,73.0,1015.0,926.0,-17.84702903053541,45.72427585139488
31,3652764,Puerto Ayora,93.0,7.0,EC,0.72,77.47,72.0,72.0,1012.0,94.0,,,-1.839455873661933,-109.02606551625077
32,2630299,Hofn,100.0,29.0,IS,38.79,24.37,38.79,38.79,1003.0,92.0,1003.0,1003.0,64.52372590024592,-12.553353901318644
33,4020109,Atuona,6.0,105.0,PF,79.14,76.19,79.14,79.14,1012.0,76.0,1012.0,1010.0,-10.447324186547704,-132.15308341592663
34,4032243,Vaini,75.0,31.09,TO,8.06,79.54,80.6,80.6,1005.0,78.0,,,-54.33332256638378,-176.8462719387349
35,2163355,Hobart,75.0,130.0,AU,59.45,49.89,55.99,63.0,1021.0,47.0,,,-78.08876870615627,148.97531747353344
36,6620339,Karratha,22.0,11.0,AU,89.98,91.92,89.98,89.98,1006.0,48.0,1006.0,1003.0,-63.69940221601179,93.16984895865835
37,2980080,Saint-François,90.0,0.0,FR,0.41,37.72,41.0,41.0,1015.0,100.0,,,,
38,5882953,Aklavik,100.0,340.0,CA,1.66,-27.4,-16.6,-16.6,1024.0,75.0,1024.0,1023.0,-87.97961817780363,138.54421647593887
39,2126123,Chokurdakh,100.0,347.0,RU,21.35,-30.32,-21.35,-21.35,1025.0,88.0,1025.0,1019.0,18.397916138664087,-55.540312625146555
40,3369157,Cape Town,0.0,240.0,ZA,60.96,56.95,60.01,63.0,1015.0,77.0,,,74.22681740008093,-137.95020298521766
41,5924351,Clyde River,1.0,310.0,CA,0.04,-22.41,-0.4,-0.4,1016.0,77.0,,,79.15427280631553,150.29862375057922
42,2150163,Sawtell,75.0,20.0,AU,72.77,71.47,72.0,73.4,1011.0,88.0,,,-55.89595962482076,-2.9781677608544044
43,4787534,Sterling,1.0,80.0,US,28.69,21.96,27.0,30.2,1028.0,86.0,,,69.85974168787374,-78.78323748509632
44,2155415,New Norfolk,100.0,4.0,AU,58.19,55.33,55.99,63.0,1019.0,50.0,,,-30.64455827487047,153.68414894097612
45,2206939,Bluff,100.0,21.0,NZ,0.59,53.2,59.0,59.0,1016.0,92.0,,,-67.56949847125139,133.42556605988358
46,3423146,Ilulissat,80.0,80.0,GL,2.66,11.01,26.6,26.6,1010.0,45.0,,,-68.2357912440913,-106.95585420436232
47,286621,Salalah,0.0,20.0,OM,7.34,68.68,73.4,73.4,1017.0,46.0,,,-84.8779481569733,69.0639377884219
48,1282256,Hithadhoo,10.0,270.0,MV,81.52,83.86,81.52,81.52,1012.0,71.0,1012.0,1012.0,-81.602536383103,158.4694358591497
49,1735106,George Town,20.0,0.0,MY,83.91,93.78,82.0,86.0,1012.0,78.0,,,,
50,5866583,Saint Paul Harbor,1.0,260.0,US,3.02,22.62,30.2,30.2,999.0,86.0,,,,
51,340358,Dabat,92.0,76.0,ET,47.25,41.07,47.25,47.25,1016.0,54.0,1016.0,752.0,-43.752208334051346,156.36082369309304
52,5122534,Jamestown,1.0,70.0,US,21.74,14.07,19.4,23.0,1024.0,92.0,,,20.273246324378107,52.38082214642222
53,1516589,Zhezkazgan,75.0,50.0,KZ,1.12,-20.52,-11.2,-11.2,1039.0,76.0,,,-5.757909054716649,75.93365509605732
54,4031637,Lavrentiya,100.0,20.0,RU,14.79,2.14,14.79,14.79,1000.0,94.0,1000.0,998.0,-2.179913749888641,-14.80316047581249
55,4791259,Virginia Beach,75.0,100.0,US,41.13,31.68,37.99,43.0,1026.0,56.0,,,44.018748550517984,-151.38366457980516
56,2084442,Vanimo,100.0,272.0,PG,82.42,90.5,82.42,82.42,1004.0,73.0,1004.0,1003.0,12.827826558873198,37.81648502234427
57,3445026,Vila Velha,20.0,10.0,BR,75.92,77.67,75.0,77.0,1014.0,78.0,,,-17.35291343427454,1.7137448683365903
58,4030556,Rikitea,24.0,57.0,PF,78.28,81.82,78.28,78.28,1019.0,65.0,1019.0,1016.0,47.030562267266816,68.0673316861776
59,5847411,Kahului,40.0,28.86,US,73.56,66.24,69.01,80.6,1014.0,61.0,,,35.387158831728,-73.45105316050002
60,2450173,Taoudenni,18.0,48.0,ML,63.86,55.94,63.86,63.86,1014.0,28.0,1014.0,997.0,-1.9949335278616331,139.1133607343495
61,2017155,Saskylakh,32.0,140.0,RU,32.48,-41.33,-32.48,-32.48,1023.0,83.0,1023.0,1022.0,-20.881124499045015,-110.61984823593863
62,1795632,Shenjiamen,75.0,352.0,CN,46.51,32.52,46.51,46.51,1033.0,61.0,1033.0,1026.0,1.8391527972072907,56.07526902947356
63,3336897,La Rioja,0.0,0.0,ES,3.92,35.85,39.2,39.2,1014.0,93.0,,,17.371184125954855,95.68008482998596
64,1490256,Talnakh,40.0,200.0,RU,0.58,-23.78,-5.8,-5.8,1008.0,83.0,,,27.786159053934597,-151.37252128198173
65,5546220,Saint George,1.0,130.0,US,36.18,28.92,34.0,37.99,1026.0,43.0,,,43.07064521247142,-156.1259129444963
66,2610343,Vestmanna,92.0,110.0,FO,4.28,37.87,42.8,42.8,999.0,100.0,,,-66.64121850129695,139.6902048781676
67,1521379,Lenger,0.0,130.0,KZ,1.76,8.46,17.6,17.6,1034.0,92.0,,,24.422775524842308,-5.031179802658386
68,6185377,Yellowknife,20.0,290.0,CA,36.13,-45.89,-36.4,-36.0,1012.0,65.0,,,84.31041049461359,-30.65997774623574
69,2138285,Tadine,28.0,125.0,NC,78.35,73.51,78.35,78.35,1008.0,72.0,1008.0,1007.0,69.38708920298242,116.3598848280655
70,3687238,Cartagena,20.0,70.0,CO,7.88,88.86,78.8,78.8,1009.0,100.0,,,81.11260274882449,-72.11406704398162
71,2270258,Caniço,20.0,0.0,PT,60.13,59.36,57.99,62.01,1017.0,67.0,,,,
72,1015776,Bredasdorp,0.0,70.0,ZA,0.5,45.86,50.0,50.0,1018.0,87.0,,,-77.33039410581226,-141.35026567168362
73,1082243,Ambilobe,33.0,81.0,MG,7.84,84.9,78.4,78.4,1013.0,77.0,1013.0,1009.0,-28.882408055862662,-67.21867540831263
74,1709347,Kanlagay,99.0,74.0,PH,85.15,91.71,85.15,85.15,1009.0,67.0,1009.0,1006.0,-39.878299267240145,-172.39139027040633
75,3926328,Végueta,99.0,159.0,PE,67.28,68.72,67.28,67.28,1016.0,83.0,1016.0,1011.0,,
76,3443061,Chui,58.0,131.0,UY,63.55,60.42,63.55,63.55,1015.0,82.0,1015.0,1014.0,,
77,3374083,Bathsheba,40.0,70.0,BB,0.77,83.48,77.0,77.0,1012.0,83.0,,,73.53741974815199,88.68841472239058
78,3418910,Upernavik,0.0,136.0,GL,15.35,4.84,15.35,15.35,1013.0,84.0,1013.0,1013.0,36.03688104750688,-63.48361598290438
79,3899695,Ancud,40.0,180.0,CL,4.37,36.27,39.0,46.99,1022.0,75.0,,,70.67810104509664,-8.941116327334868
80,3893629,Coquimbo,0.0,250.0,CL,5.54,53.82,55.4,55.4,1014.0,93.0,,,-50.087100854214675,-168.0101602257027
81,1650600,Balaipungut,100.0,340.0,ID,8.06,86.59,80.6,80.6,1011.0,78.0,,,-47.276565275270556,87.85453741421793
82,934322,Mahébourg,75.0,100.0,MU,7.88,80.04,78.8,78.8,1015.0,88.0,,,,
83,3984997,San Quintín,0.0,11.0,MX,58.42,55.49,58.42,58.42,1022.0,49.0,1022.0,1021.0,,
84,964420,Port Elizabeth,0.0,250.0,ZA,6.26,59.7,62.6,62.6,1018.0,88.0,,,-21.127353185218396,168.90824710689935
85,2514651,Los Llanos de Aridane,0.0,290.0,ES,56.05,49.77,53.01,60.8,1021.0,67.0,,,,
86,3833367,Ushuaia,75.0,230.0,AR,3.92,19.31,39.2,39.2,992.0,100.0,,,-74.32184985798241,17.925040347128714
87,5861897,Fairbanks,75.0,0.0,US,10.85,1.98,10.4,12.2,1004.0,66.0,,,-53.561544515189325,-160.26883929985232
88,5877641,Wasilla,90.0,235.0,US,2.34,18.19,23.0,24.8,997.0,92.0,,,-6.886474963315578,48.87161840823018
89,1563281,Tuy Hoa,97.0,26.0,VN,77.02,76.96,77.02,77.02,1016.0,88.0,1016.0,1015.0,-45.143438664959234,-150.44800509940507
90,986717,Kruisfontein,1.0,287.0,ZA,0.57,55.63,57.0,57.0,1019.0,93.0,,,77.552105970403,-98.93751429852873
91,1500973,Kyzyl,100.0,267.0,RU,6.78,0.32,6.78,6.78,1041.0,92.0,1041.0,957.0,5.550133682959654,121.47725317003346
92,3985710,Cabo San Lucas,5.0,290.0,MX,63.16,61.45,62.01,64.99,1016.0,63.0,,,-11.179482687527269,-78.20795194522181
93,5848280,Kapaa,40.0,90.0,US,75.92,76.41,73.0,78.8,1015.0,78.0,,,-54.38542237328562,-29.285826006053668
94,3870282,Talcahuano,0.0,220.0,CL,5.36,47.55,53.6,53.6,1016.0,76.0,,,20.106927059160242,-47.86194449002127
95,5495360,Tucumcari,1.0,311.0,US,2.84,22.5,28.4,28.4,1018.0,63.0,,,78.70483182620131,-59.98007337762927
96,2194098,Ahipara,0.0,192.0,NZ,68.56,63.37,68.56,68.56,1021.0,58.0,1021.0,1019.0,-41.947271631000554,-80.34983395939459
97,1733432,Kota Kinabalu,20.0,270.0,MY,87.42,97.02,87.01,87.8,1010.0,74.0,,,-29.182809117546157,-75.00454371078503
98,706749,Karlivka,99.0,15.0,UA,31.05,22.48,31.05,31.05,1026.0,96.0,1026.0,1007.0,0.9983307033932931,100.89934636669005
99,2122090,Pevek,100.0,36.0,RU,8.92,-0.98,8.92,8.92,1016.0,91.0,1016.0,1011.0,-50.96913312292432,77.68452155449603
100,964432,Port Alfred,2.0,10.0,ZA,0.66,66.97,66.0,66.0,1017.0,85.0,,,28.35012200248738,-116.96731019816876
101,3466704,Castro,0.0,282.0,BR,62.06,65.23,62.06,62.06,1013.0,93.0,1013.0,902.0,-58.55806702386229,-161.7337736536081
102,2122493,Omsukchan,100.0,335.0,RU,2.69,-37.39,-26.9,-26.9,1017.0,80.0,1017.0,945.0,-88.6390461324725,33.68670720960813
103,2127060,Arman',70.0,28.0,RU,2.76,-20.54,-2.76,-2.76,1003.0,84.0,1003.0,1000.0,,
104,4992612,Fenton,20.0,60.0,US,23.83,13.73,21.99,26.6,1025.0,63.0,,,-11.69113093922823,37.67723837623822
105,2409306,Freetown,97.0,237.0,SL,78.91,85.62,78.91,78.91,1010.0,83.0,1010.0,1000.0,71.19968437540402,-10.25324448055028
106,3424607,Tasiilaq,100.0,80.0,GL,2.66,13.42,26.6,26.6,1017.0,63.0,,,-56.057752931167826,164.64294659854068
107,287832,Ibrā’,4.0,17.0,OM,61.63,55.74,61.63,61.63,1022.0,41.0,1022.0,970.0,,
108,2377450,Nouakchott,8.0,350.0,MR,6.08,56.82,60.8,60.8,1012.0,72.0,,,41.61242795567881,25.529189571167194
109,2027296,Aykhal,90.0,80.0,RU,2.38,-34.58,-23.8,-23.8,1006.0,74.0,,,78.91218111179595,-12.956592252751136
110,1486321,Yar-Sale,100.0,218.0,RU,3.39,-17.39,-3.39,-3.39,1016.0,91.0,1016.0,1016.0,74.87791821038948,15.746868757333203
111,2063039,Port Keats,84.0,283.0,AU,94.24,99.19,94.24,94.24,1002.0,51.0,1002.0,1000.0,-74.86377325090695,-44.33389741494494
112,2641434,Northam,100.0,28.99,GB,49.98,41.52,48.99,51.01,998.0,91.0,,,65.13704616925037,-147.3442363409891
113,3372707,Ribeira Grande,100.0,197.0,PT,61.38,56.53,61.38,61.38,1015.0,87.0,1015.0,1013.0,63.00235397310706,-149.3652697933739
114,2126199,Cherskiy,100.0,160.0,RU,18.45,-30.55,-18.45,-18.45,1017.0,88.0,1017.0,1017.0,51.77797104561728,94.08050887433365
115,5106841,Albany,100.0,329.0,US,21.78,11.44,21.0,23.0,1026.0,36.0,,,-82.89793444288807,22.2685683748023
116,3092472,Malbork,100.0,215.0,PL,35.69,26.28,35.01,36.0,1012.0,100.0,,,,
117,5815136,Washougal,100.0,5.99,US,46.36,43.45,44.01,48.0,1023.0,94.0,,,-48.08990945320292,7.7760763743581265
118,262636,Epitálio,0.0,68.0,GR,42.13,37.4,37.99,48.2,1021.0,100.0,,,,
119,3571913,Marsh Harbour,0.0,187.0,BS,75.74,77.85,75.74,75.74,1016.0,78.0,1016.0,1015.0,-11.269275797600585,60.51525384168687
120,4035715,Avarua,100.0,40.0,CK,8.24,86.23,82.4,82.4,1009.0,78.0,,,10.630994208673869,-107.99799832238955
121,2122104,Petropavlovsk-Kamchatskiy,75.0,290.0,RU,3.02,18.66,30.2,30.2,974.0,58.0,,,-69.19951507556749,-129.77949464910384
122,3143427,Ørje,12.0,238.0,NO,34.65,27.86,34.0,36.0,1005.0,97.0,,,,
123,535839,Leshukonskoye,90.0,224.0,RU,11.08,2.59,11.08,11.08,1015.0,96.0,1015.0,1009.0,81.0559380772061,136.85374140096087
124,2260401,Djambala,100.0,215.0,CG,67.21,71.26,67.21,67.21,1010.0,96.0,1010.0,921.0,-67.90711622188117,93.26634011123332
125,1637001,Biak,100.0,272.0,ID,85.82,94.06,85.82,85.82,1008.0,65.0,1008.0,994.0,-30.608173192995267,-83.82996118227707
126,683328,Bulbucata,90.0,0.0,RO,0.41,36.99,41.0,41.0,1026.0,86.0,,,-34.63487334075619,170.50230442215252
127,6255012,Flinders,64.0,24.0,AU,79.43,83.77,75.99,82.0,1004.0,79.0,,,7.3535706020768,114.5589761231542
128,3448903,São João da Barra,100.0,28.0,BR,75.24,74.25,75.24,75.24,1013.0,86.0,1013.0,1012.0,,
129,2070998,Geraldton,0.0,200.0,AU,0.77,67.66,77.0,77.0,1011.0,47.0,,,49.50648301799308,34.997387252464165
130,3462371,Goiatuba,96.0,177.0,BR,71.19,74.66,71.19,71.19,1012.0,80.0,1012.0,927.0,66.54815849435957,170.71153350233595
131,2015306,Tiksi,31.0,121.0,RU,27.24,-36.71,-27.24,-27.24,1027.0,86.0,1027.0,1021.0,-86.58059394935611,43.65723819694739
132,1623197,Tual,96.0,279.0,ID,84.34,83.26,84.34,84.34,1005.0,75.0,1005.0,1005.0,-87.72456125351783,-131.83270765261636
133,6170031,Tuktoyaktuk,75.0,30.0,CA,0.13,-25.6,-13.0,-13.0,1021.0,83.0,,,-54.382827705330165,-103.10626645464372
134,3466980,Caravelas,14.0,37.0,BR,72.37,77.74,72.37,72.37,1013.0,92.0,1013.0,1013.0,63.52478886255764,156.9413871272368
135,3372760,Praia da Vitória,75.0,228.0,PT,57.54,54.72,57.2,57.99,1015.0,93.0,,,,
136,3628473,San Cristobal,40.0,240.0,VE,0.77,82.72,77.0,77.0,1014.0,83.0,,,42.86243155705918,-83.84109766186373
137,2447513,Arlit,0.0,115.0,NE,65.08,57.38,65.08,65.08,1014.0,27.0,1014.0,965.0,17.040689224371974,-61.34857012238453
138,2173911,Broken Hill,11.0,220.0,AU,9.32,88.39,93.2,93.2,1008.0,24.0,,,71.02636420584273,-40.89954001628723
139,2638419,Scarborough,100.0,8.01,GB,41.61,37.71,41.0,42.01,1005.0,94.0,,,-73.54739166596198,88.04438674763901
140,625721,Lyuban',100.0,174.0,BY,31.75,23.4,31.75,31.75,1024.0,99.0,1024.0,1007.0,,
141,2513947,Melilla,0.0,146.0,ES,48.69,45.07,46.4,50.0,1017.0,87.0,,,22.989112554771012,58.42489407024897
142,2022572,Khatanga,13.0,61.0,RU,34.83,-44.45,-34.83,-34.83,1021.0,82.0,1021.0,1018.0,-86.70845225199855,-156.75541097862953
143,2013392,Vilyuysk,33.0,90.0,RU,28.14,-38.45,-28.14,-28.14,1021.0,85.0,1021.0,1006.0,-59.23718418141948,-72.5054979453616
144,6050416,La Tuque,80.0,350.0,CA,0.94,-19.48,-9.4,-9.4,1034.0,69.0,1034.0,999.0,18.48562896228519,-14.66799091195702
145,3430863,Mar del Plata,0.0,360.0,AR,54.27,49.69,51.8,55.99,1016.0,62.0,,,,
146,2074865,Carnarvon,0.0,200.0,AU,7.88,72.99,78.8,78.8,1009.0,69.0,,,-62.985498168176264,29.951191426358093
147,6690296,Saint-Joseph,33.0,20.0,RE,75.07,78.13,68.0,82.4,1014.0,69.0,,,75.84546797756713,69.17170931346479
148,3860443,Comodoro Rivadavia,0.0,280.0,AR,6.26,51.39,62.6,62.6,1009.0,33.0,,,-12.997523237897084,127.8180473031124
149,1633419,Padang,84.0,251.0,ID,8.24,87.57,82.4,82.4,1012.0,73.0,1012.0,1012.0,-28.555715114597234,120.4425586783974
150,3893726,Constitución,0.0,186.0,CL,5.74,50.43,57.4,57.4,1014.0,56.0,1014.0,1011.0,,
151,934649,Cap Malheureux,3.0,21.0,MU,0.81,83.93,81.0,81.0,1015.0,79.0,,,41.28237279719491,-35.98189060420958
152,3393922,Nísia Floresta,20.0,110.0,BR,7.88,81.34,78.8,78.8,1011.0,78.0,,,,
153,2119932,Vanino,100.0,314.0,RU,8.67,-6.16,8.67,8.67,1003.0,64.0,1003.0,993.0,88.84490175320522,63.93077156655784
154,3894426,Coyhaique,0.0,260.0,CL,4.82,43.0,48.2,48.2,1017.0,57.0,,,,
155,3366880,Hermanus,0.0,5.01,ZA,55.99,55.74,55.99,55.99,1018.0,89.0,,,89.90377176486533,55.03438665541415
156,5146286,Avon Lake,90.0,70.0,US,29.44,17.87,28.4,30.0,1024.0,63.0,,,71.83663979869203,163.23723425997525
157,3466165,Cidreira,19.0,46.0,BR,71.74,72.18,71.74,71.74,1012.0,92.0,1012.0,1011.0,-84.82359610163579,-51.93197192287789
158,3471451,Arraial do Cabo,100.0,349.0,BR,74.86,79.43,74.86,74.86,1012.0,93.0,1012.0,1011.0,,
159,2399001,Mayumba,100.0,172.0,GA,76.86,82.35,76.86,76.86,1009.0,91.0,1009.0,1009.0,-39.602745352103106,121.34440758974739
160,1684803,Tabuk,99.0,329.0,PH,77.97,84.22,77.97,77.97,1015.0,81.0,1015.0,994.0,7.142028631963711,-54.62686006077024
161,4036284,Alofi,90.0,280.0,NU,8.06,78.57,80.6,80.6,1000.0,83.0,,,46.251501896898674,-121.84474291788584
162,1512019,Aksarka,87.0,219.0,RU,5.28,-18.99,-5.28,-5.28,1015.0,91.0,1015.0,1011.0,37.38036069357291,21.25088920452353
163,3932145,Pisco,0.0,210.0,PE,65.68,62.55,64.99,66.2,1013.0,88.0,,,63.89120515129932,170.6061124497072
164,5859699,College,90.0,40.0,US,10.87,2.75,10.4,12.2,1004.0,66.0,,,-23.201824705312504,-162.55902247009675
165,2737088,Oiã,100.0,11.99,PT,0.57,55.26,57.0,57.0,1007.0,88.0,,,,
166,3724696,Desdunes,0.0,69.0,HT,73.08,74.91,73.08,73.08,1014.0,79.0,1014.0,1014.0,-28.28472059749386,53.116949776915135
167,3697838,Contamana,72.0,33.0,PE,73.69,80.37,73.69,73.69,1010.0,91.0,1010.0,991.0,59.07522165641765,11.918196859483857
168,3385899,Tutóia,100.0,75.0,BR,79.66,83.62,79.66,79.66,1009.0,81.0,1009.0,1009.0,,
169,1728675,Balabac,84.0,67.0,PH,84.67,86.04,84.67,84.67,1010.0,75.0,1010.0,1010.0,-85.34948390083457,-75.2632983305683
170,1626703,Soe,81.0,239.0,ID,76.69,82.6,76.69,76.69,1007.0,89.0,1007.0,914.0,-2.9568151348748586,14.779593940955237
171,236950,Obo,86.0,7.0,CF,68.67,66.11,68.67,68.67,1010.0,43.0,1010.0,938.0,-20.847102154356534,-118.20810710981748
172,5855927,Hilo,1.0,123.0,US,72.79,73.8,68.0,78.8,1015.0,69.0,,,2.9674118824668483,-127.5292162631271
173,141736,Bam,0.0,209.0,IR,47.64,41.79,47.64,47.64,1024.0,46.0,1024.0,902.0,36.45855708201563,83.86762314755146
174,2232497,Doumé,48.0,225.0,CM,69.19,71.17,69.19,69.19,1010.0,73.0,1010.0,939.0,,
175,2173323,Bundaberg,0.0,30.0,AU,87.91,87.4,87.8,88.0,1008.0,52.0,,,-70.16464192067296,45.35466060000587
176,686090,Asău,0.0,238.0,RO,0.32,26.85,32.0,32.0,1022.0,100.0,,,,
177,139817,Bushehr,0.0,90.0,IR,6.26,59.65,62.6,62.6,1019.0,82.0,,,44.28042816470304,25.76023923227973
178,1855540,Naze,75.0,340.0,JP,59.88,53.76,59.0,60.8,1023.0,72.0,,,-26.827015210380324,-31.148050243650857
179,2121385,Severo-Kuril'sk,95.0,62.0,RU,31.33,19.0,31.33,31.33,971.0,90.0,971.0,970.0,,
180,108410,Riyadh,0.0,170.0,SA,5.36,45.82,53.6,53.6,1018.0,40.0,,,-18.18173696349851,-49.40545623482447
181,3456248,Nortelândia,93.0,9.0,BR,74.03,79.07,74.03,74.03,1010.0,78.0,1010.0,984.0,,
182,5983720,Iqaluit,90.0,100.0,CA,2.12,10.67,21.2,21.2,1009.0,79.0,,,-29.430886815338802,109.84028593185803
183,3351663,Benguela,77.0,248.0,AO,70.95,74.97,70.95,70.95,1011.0,81.0,1011.0,1010.0,-56.63759817949869,154.21270722346082
184,1862505,Hirara,75.0,40.0,JP,6.44,56.89,64.4,64.4,1022.0,82.0,,,-8.316278437603472,134.673452309757
185,2264557,Ponta do Sol,20.0,0.0,PT,60.28,59.54,57.99,62.01,1017.0,67.0,,,,
186,2454268,Koutiala,75.0,132.0,ML,71.22,65.43,71.22,71.22,1010.0,26.0,1010.0,970.0,81.38704235199,-129.4639638017045
187,3461789,Guarujá,100.0,233.0,BR,75.99,70.72,75.99,75.99,1015.0,26.0,,,,
188,2091996,Madang,89.0,74.0,PG,85.48,91.04,85.48,85.48,1005.0,69.0,1005.0,1005.0,82.42016638154851,-169.16070057154255
189,5110365,Broome,1.0,20.0,US,18.14,10.51,16.0,21.99,1026.0,72.0,,,-18.88987886961621,-35.02878005612018
190,6355222,Yulara,9.0,80.0,AU,9.68,90.16,96.8,96.8,1009.0,22.0,,,47.48523062537612,-21.244156115633018
191,6167817,Torbay,75.0,59.73,CA,2.98,5.92,28.0,32.0,983.0,63.0,,,-3.1617951919501905,-89.10001709401914
192,2766365,Sankt Valentin,90.0,90.0,AT,3.36,28.38,33.01,34.0,1020.0,100.0,,,18.163135936482632,5.722042164123508
193,2460489,Bandiagara,0.0,74.0,ML,0.68,64.85,68.0,68.0,1011.0,72.0,,,-59.68568857854335,98.7977777834734
194,2636790,Stornoway,91.0,130.0,GB,46.24,35.02,46.0,46.4,998.0,70.0,,,-62.49849878752944,15.809421466044569
195,212730,Kisangani,100.0,128.0,CD,70.83,76.62,70.83,70.83,1009.0,94.0,1009.0,963.0,-81.24932025689618,98.6092269418632
196,4034551,Faanui,37.0,70.0,PF,80.73,79.23,80.73,80.73,1012.0,76.0,1012.0,1004.0,-58.75867515217323,-25.85992100105699
197,2012938,Yerofey Pavlovich,0.0,247.0,RU,9.72,-18.29,-9.72,-9.72,1027.0,79.0,1027.0,956.0,-30.17356685728194,143.22952623044642
198,3883457,Lebu,0.0,178.0,CL,51.96,39.29,51.96,51.96,1018.0,80.0,1018.0,1008.0,-74.56187579173445,-82.0316130688585
199,3693345,Pucallpa,94.0,330.0,PE,74.39,80.64,74.39,74.39,1010.0,85.0,1010.0,992.0,68.19814233592894,-33.990793879103535
200,3174050,Province of Mantua,100.0,3.0,IT,42.01,38.86,42.01,42.01,1022.0,96.0,,,,
201,556268,Ostrovnoy,100.0,252.0,RU,19.47,5.13,19.47,19.47,1008.0,95.0,1008.0,1005.0,53.02707560840079,28.887003631255936
202,1855342,Nishihara,90.0,20.0,JP,62.51,57.07,60.01,64.4,1024.0,55.0,,,35.6668628438574,-2.1283722278398614
203,898947,Senanga,100.0,18.0,ZM,67.19,68.94,67.19,67.19,1008.0,94.0,1008.0,898.0,88.55297558688551,101.74628634555978
204,7117100,Vila,100.0,25.01,PT,0.5,42.33,50.0,50.0,1004.0,94.0,,,83.75214855853042,145.78223119972432
205,6137462,Saint-Augustin,100.0,313.0,CA,25.07,6.19,25.07,25.07,986.0,94.0,986.0,982.0,61.38273745615339,122.08211667357932
206,1337607,Kudahuvadhoo,11.0,59.0,MV,81.37,87.98,81.37,81.37,1012.0,71.0,1012.0,1011.0,47.21773973412709,-72.83429607280172
207,2062276,Roebourne,19.0,16.0,AU,89.44,91.62,89.44,89.44,1006.0,49.0,1006.0,1004.0,-27.725442323041392,91.67765534452064
208,513898,Otradnoye,90.0,170.0,RU,30.97,22.14,30.0,32.0,1016.0,98.0,,,-27.287981067124647,55.03780672545082
209,1516048,Khovd,75.0,100.0,MN,5.09,-2.2,5.09,5.09,1040.0,79.0,1040.0,868.0,,
210,583039,Aleksandrovskaya,90.0,264.0,RU,3.02,25.47,30.2,30.2,1014.0,92.0,,,-48.27430477900246,-68.19477087377956
211,935215,Saint-Philippe,52.0,20.0,RE,76.37,79.95,68.0,82.4,1014.0,69.0,,,-75.49412803369637,-120.69359997703538
212,5117949,Freeport,1.0,30.0,US,29.86,19.65,28.0,30.99,1028.0,46.0,,,-2.491979706184466,99.54839348303898
213,286245,Sur,4.0,23.0,OM,71.65,65.12,71.65,71.65,1021.0,44.0,1021.0,1021.0,24.721573263135568,-114.81347886536173
214,2995938,Marck,77.0,10.0,FR,42.67,38.57,42.01,43.0,1011.0,97.0,,,-84.8585659544059,16.48817542524742
215,2037485,Erenhot,0.0,245.0,CN,7.84,-6.75,7.84,7.84,1036.0,87.0,1036.0,915.0,-53.307783935542425,-157.58519794998494
216,3083043,Tuchola,100.0,234.0,PL,3.83,30.22,37.99,39.0,1013.0,97.0,,,81.57783251351199,-13.077032851617957
217,1712245,Guiong,40.0,80.0,PH,8.78,92.35,87.8,87.8,1010.0,66.0,,,-17.32979361473025,57.75761197046853
218,3454005,Piaçabuçu,88.0,80.0,BR,76.37,79.74,76.37,76.37,1011.0,84.0,1011.0,1011.0,,
219,780687,Berlevåg,99.0,52.0,NO,32.86,16.7,32.86,32.86,1010.0,93.0,1010.0,1010.0,,
220,3137469,Sørland,99.0,44.0,NO,3.76,28.45,37.6,37.6,1006.0,78.0,1006.0,999.0,,
221,564579,Dubovyy Umët,0.0,150.0,RU,0.14,3.09,14.0,14.0,1027.0,78.0,,,,
222,172515,Abu Samrah,97.0,88.0,SY,54.09,46.17,54.09,54.09,1012.0,75.0,1012.0,963.0,-49.938816059854524,-76.28953113602974
223,3855065,General Roca,0.0,290.0,AR,11.84,113.86,118.4,118.4,1013.0,9.0,,,37.04955792797145,-74.37087729967867
224,1491219,Sovetskoye,100.0,128.0,RU,10.09,4.1,10.09,10.09,1041.0,95.0,1041.0,1014.0,-71.98374120808,-2.527783625476104
225,2121025,Srednekolymsk,100.0,267.0,RU,20.36,-31.41,-20.36,-20.36,1021.0,87.0,1021.0,1018.0,41.80803400936563,-82.06088273353069
226,2324433,Abonnema,40.0,270.0,NG,7.34,79.72,73.4,73.4,1009.0,94.0,,,-57.29884924310539,-22.55573678125404
227,2654970,Brae,20.0,190.0,GB,4.64,39.58,46.4,46.4,1002.0,87.0,,,83.05023207018911,-137.17683594748945
228,3460523,Ituiutaba,100.0,251.0,BR,72.25,75.54,72.25,72.25,1012.0,86.0,1012.0,950.0,-24.20859237030301,-0.674357408276876
229,2263905,Ribeira Brava,20.0,0.0,PT,60.15,59.38,57.99,62.01,1017.0,67.0,,,88.26539458877667,-97.95077177374779
230,2236967,Soyo,99.0,179.0,AO,76.69,82.0,76.69,76.69,1010.0,86.0,1010.0,1010.0,-4.11021708547247,10.340064733169072
231,2208248,Kaitangata,97.0,21.0,NZ,0.64,58.17,64.0,64.0,1014.0,72.0,,,-57.877244357060334,-175.45838756659495
232,6180550,Whitehorse,90.0,350.0,CA,0.86,0.63,8.6,8.6,998.0,84.0,,,-80.67934457948652,-13.063714328773472
233,2181100,Tirau,0.0,11.99,NZ,74.35,73.44,71.01,78.01,1022.0,66.0,,,28.17969840290219,36.52204274845087
234,2122389,Ossora,100.0,10.0,RU,14.95,-0.54,14.95,14.95,991.0,95.0,991.0,990.0,-23.40865696946149,-167.2133724739413
235,4513583,Hamilton,90.0,70.0,US,30.88,21.63,28.99,32.0,1020.0,90.0,,,-55.89247313318922,109.27175200916497
236,3450063,Santa Maria da Vitória,62.0,115.0,BR,70.02,70.72,70.02,70.02,1011.0,66.0,1011.0,959.0,,
237,3374210,São Filipe,82.0,83.0,CV,73.69,73.69,73.69,73.69,1014.0,72.0,1014.0,1008.0,,
238,189741,Lamu,1.0,56.0,KE,8.06,84.25,80.6,80.6,1012.0,78.0,,,8.505286630368389,98.94856424791368
239,1499007,Mel'nikovo,97.0,145.0,RU,1.38,-6.75,-2.99,5.0,1024.0,87.0,,,,
240,934479,Grand Gaube,4.0,21.0,MU,0.81,83.93,81.0,81.0,1015.0,79.0,,,-31.2969853515268,-119.78993663749488
241,546105,Nikolskoye,90.0,170.0,RU,30.97,22.14,30.0,32.0,1016.0,98.0,,,-27.480465670075354,92.6477410696192
242,777019,Vardø,90.0,50.0,NO,3.02,14.38,30.2,30.2,1009.0,92.0,,,,
243,1244926,Hambantota,20.0,30.0,LK,8.06,90.09,80.6,80.6,1013.0,88.0,,,-69.36364793231829,9.610947953677652
244,2319133,Warri,18.0,214.0,NG,75.78,84.9,75.78,75.78,1009.0,95.0,1009.0,1008.0,71.7473581269762,-148.2125675462058
245,2177069,Ballina,90.0,70.0,AU,7.36,73.33,72.0,75.2,1010.0,88.0,,,19.243264343994255,-72.77582336709985
246,934851,Siteki,100.0,154.0,SZ,65.23,66.49,65.23,65.23,1016.0,100.0,1016.0,942.0,65.35751990800657,69.79596946694576
247,1106677,Bambous Virieux,40.0,100.0,MU,80.78,82.13,80.6,81.0,1016.0,83.0,,,-7.4232656870804306,-74.62322556961006
248,3388440,São José do Belmonte,47.0,124.0,BR,74.46,74.28,74.46,74.46,1010.0,70.0,1010.0,957.0,,
249,1863521,Gōtsuchō,75.0,290.0,JP,3.92,22.75,39.2,39.2,1024.0,51.0,,,,
250,3521108,Progreso,20.0,100.0,MX,74.23,76.69,73.4,75.0,1013.0,83.0,,,8.97748897356567,113.52461517913406
251,3347853,Longonjo,66.0,316.0,AO,57.99,58.39,57.99,57.99,1013.0,90.0,1013.0,856.0,-50.54989346940199,-131.2941940770607
252,6062563,Macamic,5.0,250.0,CA,2.38,-32.06,-23.8,-23.8,1031.0,74.0,,,-89.28091833180692,-121.34935318054994
253,2077895,Alice Springs,88.0,140.0,AU,10.04,91.11,100.4,100.4,1008.0,13.0,,,23.321523704891973,-73.4564093105346
254,2872079,Melle,51.0,3.0,DE,40.57,36.88,39.0,43.0,1016.0,91.0,,,-45.912560867670024,28.05557254124065
255,4946620,Palmer,20.0,340.0,US,23.92,11.84,21.99,26.01,1028.0,35.0,,,32.89591868112953,-58.10041531723326
256,2112802,Hasaki,20.0,0.0,JP,49.12,41.11,46.4,51.01,1010.0,26.0,,,-12.174904894684204,124.87439641065146
257,2527087,Tiznit Province,0.0,247.0,MA,54.81,54.0,54.81,54.81,1017.0,80.0,1017.0,952.0,,
258,2134814,Sola,40.0,140.0,VU,8.96,98.98,89.6,89.6,1003.0,75.0,,,4.1993220750905635,-170.0095020709426
259,2173125,Burnie,100.0,11.01,AU,57.99,54.18,57.99,57.99,1027.0,81.0,,,-63.42830486599793,-97.30490956565656
260,3358416,Bethanien,0.0,234.0,,56.23,52.68,56.23,56.23,1013.0,58.0,1013.0,900.0,5.590908683278371,26.604635183234564
261,847634,Rypefjord,75.0,70.0,NO,0.32,10.17,32.0,32.0,1010.0,97.0,,,9.644169123191787,-139.71406115708038
262,6165406,Thompson,90.0,0.0,CA,1.48,-22.94,-14.8,-14.8,1015.0,75.0,,,-82.01311876830937,104.51317857007456
263,5380437,Pacific Grove,1.0,54.0,US,46.49,41.5,45.0,48.2,1026.0,87.0,,,-12.505372197172889,-172.76993496937448
264,2487130,Sidi Ali,0.0,101.0,DZ,55.27,52.93,55.27,55.27,1017.0,88.0,1017.0,980.0,30.409060734408996,59.57849681520179
265,1649150,Bengkulu,99.0,271.0,ID,77.29,79.32,77.29,77.29,1012.0,92.0,1012.0,1009.0,34.00632115479142,36.20443140341996
266,2126682,Bilibino,100.0,310.0,RU,7.24,-14.26,-7.24,-7.24,1015.0,89.0,1015.0,978.0,4.251875725334315,13.493785341091638
267,2022317,Khor,5.0,239.0,RU,1.89,-13.79,1.89,1.89,1016.0,70.0,1016.0,1008.0,-34.316772750253556,66.69162173899068
268,1789647,Xichang,71.0,214.0,CN,5.45,50.07,54.5,54.5,1020.0,53.0,1020.0,850.0,-60.11477737753284,-4.045426098542009
269,2126710,Beringovskiy,93.0,312.0,RU,12.02,0.82,12.02,12.02,999.0,95.0,999.0,997.0,-50.7248865862341,-72.00529247826334
270,2160735,Lakes Entrance,100.0,8.01,AU,66.45,68.77,64.99,68.0,1013.0,94.0,,,79.60608315096479,54.1323126863183
271,2083537,Wewak,96.0,316.0,PG,84.45,89.6,84.45,84.45,1004.0,76.0,1004.0,999.0,-21.490116154457127,154.47997369446477
272,2030065,Mandalgovi,0.0,284.0,MN,9.36,-3.5,9.36,9.36,1033.0,83.0,1033.0,861.0,-9.118229598143841,176.70526039909794
273,5509851,Pahrump,100.0,8.01,US,3.56,28.65,27.0,41.0,1023.0,33.0,,,28.18863434632101,49.90655384340741
274,140463,Birjand,0.0,120.0,IR,2.48,16.92,24.8,24.8,1025.0,73.0,,,88.7884150635251,23.928953892547554
275,3386213,Touros,40.0,150.0,BR,7.88,81.34,78.8,78.8,1011.0,78.0,,,-6.015938280625946,172.16590231453472
276,2071860,Esperance,66.0,120.0,AU,6.98,60.94,69.8,69.8,1017.0,46.0,,,-86.1106819749856,-21.160499438220484
277,1512101,Agirish,100.0,218.0,RU,14.14,5.4,14.14,14.14,1020.0,97.0,1020.0,997.0,25.54383467779789,135.77727205520756
278,3421193,Paamiut,0.0,61.0,GL,32.77,22.17,32.77,32.77,1003.0,83.0,1003.0,1003.0,49.5006289506384,155.52420828681466
279,290030,Doha,20.0,0.0,QA,61.47,63.9,55.4,64.4,1020.0,93.0,,,-82.53834731558054,-48.36937036530716
280,1526273,Nur-Sultan,90.0,230.0,KZ,0.14,-10.03,1.4,1.4,1039.0,84.0,,,,
281,2396518,Port-Gentil,100.0,210.0,GA,77.41,78.55,77.41,77.41,1009.0,89.0,1009.0,1008.0,24.073359196726955,46.128113958410495
282,5554428,Ketchikan,90.0,23.04,US,4.28,30.72,42.8,42.8,992.0,87.0,,,-29.863113022590063,116.20571532623563
283,211647,Lodja,15.0,76.0,CD,6.76,73.36,67.6,67.6,1010.0,96.0,1010.0,958.0,-12.879562315218593,-57.05023225348957
284,2644927,Newcastleton,100.0,90.0,GB,0.41,33.71,41.0,41.0,1002.0,86.0,,,65.99241461930009,-80.56418054827799
285,1056151,Soavinandriana,90.0,85.0,MG,62.64,62.78,62.64,62.64,1016.0,83.0,1016.0,854.0,10.398414856659912,-159.7699934627227
286,4951594,Southbridge,92.0,8.01,US,23.31,14.09,21.99,25.0,1027.0,32.0,,,24.385091234936766,126.5071254861461
287,1634266,Negara,78.0,196.0,ID,83.95,89.8,83.95,83.95,1009.0,72.0,1009.0,1004.0,-9.243979302534882,46.34569045560943
288,287286,Muscat,0.0,200.0,OM,6.26,61.2,62.6,62.6,1020.0,67.0,,,12.401612112582967,-5.284263947038141
289,2110227,Butaritari,74.0,60.0,KI,82.58,82.67,82.58,82.58,1006.0,79.0,1006.0,1005.0,47.31991619882794,-157.3637154147363
290,3404558,Cabedelo,40.0,90.0,BR,0.77,82.4,77.0,77.0,1012.0,88.0,,,71.5953700748058,78.65959211477144
291,3059101,Levice,100.0,87.0,SK,0.37,31.71,37.0,37.0,1023.0,97.0,,,,
292,3981391,Tomatlán,1.0,48.0,MX,66.31,70.47,66.31,66.31,1014.0,94.0,1014.0,1005.0,,
293,5786882,Bellevue,75.0,190.0,US,46.72,38.62,44.01,48.2,1020.0,76.0,,,-18.11370421534707,120.71562056386847
294,1054035,Vohibinany,1.0,260.0,MG,73.96,75.51,73.96,73.96,1015.0,60.0,1015.0,991.0,-27.89261926316602,130.21706783210396
295,2322495,Tari,3.0,75.0,NG,69.87,61.38,69.87,69.87,1010.0,24.0,1010.0,983.0,66.712093854357,-103.44632738152448
296,1505991,Igarka,100.0,215.0,RU,6.36,-21.28,-6.36,-6.36,1020.0,90.0,1020.0,1017.0,-47.32954769949814,95.4767438019353
297,902620,Mwinilunga,99.0,351.0,ZM,59.45,59.52,59.45,59.45,1012.0,94.0,1012.0,863.0,48.73900248917704,-50.96843205671706
298,3439378,Juan de Ayolas,21.0,138.0,PY,74.35,74.57,74.35,74.35,1009.0,66.0,1009.0,1001.0,,
299,4032369,Pangai,40.0,170.0,TO,8.06,82.6,80.6,80.6,1003.0,74.0,,,-15.15744850572797,-111.8581070082401
300,2025286,Chuguyevka,100.0,307.0,RU,1.13,-8.84,1.13,1.13,1020.0,81.0,1020.0,986.0,14.48174133698069,-3.524520146245834
301,3361142,Springbok,0.0,101.0,ZA,55.17,48.18,55.17,55.17,1014.0,58.0,1014.0,908.0,85.8417640232147,-160.5208840103957
302,3163146,Andenes,42.0,80.0,NO,33.49,20.93,33.01,33.8,1007.0,80.0,,,14.19012315857755,36.82057380487092
303,3134327,Tonstad,90.0,182.0,NO,39.42,34.9,33.01,43.0,1011.0,96.0,,,58.46361261703302,-7.96362217720781
304,5282297,Bethel,100.0,3.0,US,23.92,13.98,23.0,25.0,1025.0,55.0,,,0.4654438772624303,25.359529984434914
305,470905,Vuktyl,97.0,186.0,RU,0.14,4.84,14.0,14.0,1017.0,96.0,1017.0,1004.0,-9.928320030228235,-151.65741081726622
306,3347019,Mossamedes,23.0,234.0,AO,64.99,66.94,64.99,64.99,1011.0,85.0,1011.0,1008.0,,
307,5247415,Caledonia,90.0,70.0,US,2.97,17.4,28.99,30.99,1023.0,63.0,,,24.153959635515946,-29.69426874779603
308,455910,Salacgrīva,100.0,7.0,LV,0.3,24.22,30.0,30.0,1013.0,93.0,,,,
309,55671,Kismayo,27.0,59.0,SO,7.86,78.55,78.6,78.6,1012.0,80.0,1012.0,1012.0,-8.562789991930742,-73.70520118409914
310,2127202,Anadyr,40.0,24.61,RU,1.76,0.48,17.6,17.6,1003.0,72.0,,,-71.31707474162626,89.10905472191854
311,2027244,Bagdarin,99.0,178.0,RU,4.13,-11.42,-4.13,-4.13,1026.0,84.0,1026.0,911.0,-6.937744586781946,-128.63017652165354
312,732770,Burgas,90.0,50.0,BG,4.28,37.78,42.8,42.8,1026.0,87.0,,,-82.07566579026329,151.1188312572565
313,576093,Blagoyevo,99.0,250.0,RU,14.49,6.44,14.49,14.49,1017.0,97.0,1017.0,1006.0,-79.62909549766226,-161.0281836127411
314,3696183,Iquitos,0.0,290.0,PE,7.52,84.0,75.2,75.2,1010.0,94.0,,,-51.74946711927037,-49.27010882427811
315,5864145,Homer,90.0,255.0,US,32.04,26.53,27.0,34.0,997.0,80.0,,,23.141770867103816,-86.08758833958824
316,2018069,Peleduy,100.0,220.0,RU,6.44,-3.05,6.44,6.44,1016.0,92.0,1016.0,989.0,-51.72825827175428,-174.9578526415656
317,3939168,Huarmey,97.0,171.0,PE,68.81,70.16,68.81,68.81,1016.0,78.0,1016.0,1014.0,69.81666793401018,39.564956368865296
318,932960,Werda,9.0,48.0,BW,75.31,74.37,75.31,75.31,1011.0,59.0,1011.0,900.0,24.112990640998106,129.59300276240742
319,3868626,Valparaíso,0.0,50.0,CL,5.36,49.1,53.6,53.6,1014.0,87.0,,,,
320,88834,Tūkrah,58.0,323.0,LY,60.44,56.25,60.44,60.44,1022.0,74.0,1022.0,1019.0,,
321,7601762,Bairiki Village,40.0,70.0,KI,0.86,90.59,86.0,86.0,1005.0,70.0,,,,
322,145724,Lucapa,96.0,306.0,AO,62.69,65.37,62.69,62.69,1011.0,97.0,1011.0,905.0,74.80983939694946,11.094997347259124
323,1835848,Seoul,1.0,308.0,KR,22.46,9.52,21.2,23.0,1032.0,32.0,,,71.87941910808573,102.90718398764432
324,924572,Nsanje,100.0,175.0,MW,77.95,85.73,77.95,77.95,1010.0,82.0,1010.0,1003.0,52.51635494071712,-57.72942920165491
325,778362,Øksfjord,23.0,122.0,NO,0.25,16.95,24.01,32.0,1011.0,85.0,,,,
326,779622,Havøysund,75.0,70.0,NO,0.32,9.91,32.0,32.0,1010.0,90.0,,,,
327,2738381,Lata,100.0,18.99,PT,56.48,51.22,55.99,57.0,1006.0,82.0,,,2.4740924540997327,68.4892470714075
328,2399888,Lambaréné,100.0,216.0,GA,0.75,82.81,75.0,75.0,1009.0,94.0,1009.0,1007.0,,
329,5095779,Bloomfield,1.0,60.0,US,28.89,21.27,26.01,35.6,1029.0,46.0,,,-25.535404238829912,119.00363413720976
330,2120864,Susuman,92.0,48.0,RU,23.12,-32.46,-23.12,-23.12,1022.0,84.0,1022.0,934.0,45.23780170967132,145.26751748326626
331,1260206,Pāsighāt,8.0,176.0,IN,71.44,68.41,71.44,71.44,1021.0,36.0,1021.0,1002.0,,
332,1174062,Kharan,0.0,8.0,PK,43.66,37.0,43.66,43.66,1029.0,48.0,1029.0,943.0,45.01770897129208,101.54880465634773
333,2980915,Arrondissement de Saint-Denis,90.0,140.0,FR,42.93,36.14,42.01,44.01,1014.0,100.0,,,,
334,5914132,Campbell River,90.0,350.0,CA,41.16,37.27,39.2,44.01,1014.0,100.0,,,-49.91279689308061,-126.76537256696034
335,777682,Skjervøy,5.0,104.0,NO,32.86,22.82,32.86,32.86,1010.0,88.0,1010.0,1010.0,,
336,3440777,Rocha,75.0,134.0,UY,56.17,51.96,56.17,56.17,1016.0,76.0,1016.0,1013.0,43.424048839313144,43.654259865612914
337,1529484,Kumul,0.0,118.0,CN,21.29,14.31,21.29,21.29,1041.0,67.0,1041.0,948.0,,
338,1708743,Kinablangan,100.0,327.0,PH,82.56,88.48,82.56,82.56,1009.0,76.0,1009.0,1008.0,28.23165957910622,-95.11885668033982
339,134602,Fereydūnkenār,0.0,230.0,IR,3.74,31.73,37.4,37.4,1017.0,93.0,,,,
340,5746545,Portland,90.0,120.0,US,46.17,42.19,44.01,48.2,1022.0,81.0,,,-56.599911015129706,40.2757990843898
341,1295765,Sittwe,7.0,17.0,MM,79.48,79.63,79.48,79.48,1016.0,47.0,1016.0,1015.0,,
342,3407980,Alenquer,20.0,36.0,BR,7.34,80.15,73.4,73.4,1010.0,94.0,,,51.19910558369236,2.036000871943372
343,4033375,Tevaitoa,54.0,69.0,PF,81.43,80.04,81.43,81.43,1012.0,75.0,1012.0,1012.0,77.07442521972001,110.29286528280306
344,1640972,Katobu,91.0,256.0,ID,85.33,92.43,85.33,85.33,1007.0,71.0,1007.0,998.0,-55.775717349859896,-64.01463795064289
345,6111862,Port Hardy,90.0,200.0,CA,43.48,36.07,42.8,44.6,1012.0,87.0,,,77.25457663127222,-135.4886535992488
346,5905393,Bonavista,98.0,260.0,CA,0.23,7.77,23.0,23.0,981.0,92.0,981.0,980.0,-32.32333231276463,-120.8920251706338
347,512576,Parfen'yevo,100.0,262.0,RU,1.87,11.34,18.7,18.7,1022.0,97.0,1022.0,1004.0,,
348,103630,Najrān,0.0,230.0,SA,4.64,39.67,46.4,46.4,1020.0,49.0,,,,
349,3911924,Guanay,98.0,123.0,BO,73.02,79.39,73.02,73.02,1013.0,84.0,1013.0,963.0,6.373366085084555,122.26276241264787
350,5969025,Haines Junction,100.0,50.0,CA,0.86,1.89,8.6,8.6,1003.0,84.0,1003.0,928.0,-59.27012044305387,40.14879942918171
351,81604,Qaryat Sulūq,0.0,325.0,LY,56.07,51.93,56.07,56.07,1022.0,74.0,1022.0,1015.0,,
352,3461370,Imbituba,75.0,340.0,BR,7.52,77.13,75.2,75.2,1012.0,88.0,,,-65.50452845922754,157.51427593241004
353,3448455,São Miguel do Araguaia,0.0,186.0,BR,75.61,78.64,75.61,75.61,1009.0,71.0,1009.0,970.0,,
354,2460954,Araouane,0.0,56.0,ML,69.91,61.43,69.91,69.91,1012.0,25.0,1012.0,981.0,85.8199166488262,73.0464735238335
355,4031574,Provideniya,90.0,360.0,RU,1.94,6.33,19.4,19.4,997.0,79.0,,,71.6234890565438,103.63558939100506
356,2184707,Wanaka,100.0,15.99,NZ,0.72,66.56,72.0,72.0,1014.0,36.0,,,-42.44308474130325,71.70068310887012
357,217570,Buta,64.0,80.0,CD,68.05,70.72,68.05,68.05,1009.0,82.0,1009.0,962.0,67.69576769271646,12.77186176710805
358,933995,Souillac,75.0,100.0,MU,7.88,80.04,78.8,78.8,1015.0,88.0,,,-39.71465646196603,71.15196760626617
359,2178753,Kirakira,24.0,250.0,SB,87.53,94.59,87.53,87.53,1004.0,69.0,1004.0,1004.0,52.88877374014305,50.39048912123749
360,2012530,Zhigansk,37.0,174.0,RU,40.38,-49.54,-40.38,-40.38,1025.0,81.0,1025.0,1018.0,20.94925237840384,51.302976090015136
361,374739,Gogrial,69.0,23.0,SS,69.75,61.92,69.75,69.75,1010.0,22.0,1010.0,963.0,-38.407267306678804,-67.16740064626507
362,5563839,Fortuna,85.0,134.0,US,5.09,47.68,50.0,52.0,1024.0,92.0,,,88.99526998695572,161.30961904594926
363,2125693,Evensk,91.0,3.0,RU,6.01,-10.77,6.01,6.01,1006.0,84.0,1006.0,1000.0,51.4147306468621,46.64586036961538
364,2332453,Lagos,26.0,271.0,NG,76.75,85.35,76.75,76.75,1009.0,91.0,1009.0,1009.0,66.82532405162704,154.46428198576285
365,3109718,Santander,0.0,39.15,ES,57.33,43.16,57.0,57.99,1006.0,50.0,,,-75.40481385745949,134.72058961145177
366,1337612,Dhidhdhoo,80.0,68.0,MV,82.02,83.95,82.02,82.02,1013.0,67.0,1013.0,1013.0,80.9982286117735,-161.70319436418754
367,3139765,Setermoen,13.0,110.0,NO,0.14,-3.98,14.0,14.0,1008.0,92.0,,,4.435701052626229,6.507863620601768
368,3670218,San Andrés,75.0,60.0,CO,8.06,83.1,80.6,80.6,1011.0,83.0,,,,
369,5325187,Atwater,1.0,351.0,US,45.28,41.83,44.6,46.99,1027.0,100.0,,,70.76293509208207,-126.62031289738835
370,1000543,Graaff-Reinet,85.0,277.0,ZA,0.55,54.14,55.0,55.0,1024.0,84.0,,,-54.476546950467906,-36.803084235917055
371,2421903,Dinguiraye,66.0,287.0,GN,74.68,72.77,74.68,74.68,1010.0,44.0,1010.0,959.0,68.03542575078549,108.60418720007794
372,2756669,Dordrecht,39.0,5.99,NL,4.08,36.79,39.0,42.01,1015.0,95.0,,,67.21995732915735,-35.37819384541655
373,95788,Hīt,0.0,146.0,IQ,55.17,51.75,55.17,55.17,1014.0,83.0,1014.0,1007.0,,
374,2013258,Vrangel',61.0,323.0,RU,12.24,-4.99,12.24,12.24,1020.0,76.0,1020.0,1018.0,,
375,5866063,Kenai,90.0,180.0,US,26.71,20.3,26.6,27.0,997.0,92.0,,,-19.029692547697877,-49.75721525471084
376,2455558,Kati,0.0,200.0,ML,0.68,67.78,68.0,68.0,1012.0,64.0,,,2.2770795617640402,171.93549295278348
377,4231997,Avera,90.0,60.0,US,44.38,37.71,44.01,44.6,1021.0,75.0,,,-55.42801816106776,-43.41452998212671
378,2065594,Mount Isa,75.0,120.0,AU,9.86,96.03,98.6,98.6,1005.0,23.0,,,-80.9811815438985,157.21773560655106
379,1489656,Teya,98.0,218.0,RU,1.98,-28.44,-19.8,-19.8,1038.0,84.0,1038.0,1010.0,-59.99461820281658,173.64785522438092
380,898912,Serenje,100.0,330.0,ZM,63.07,65.68,63.07,63.07,1012.0,95.0,1012.0,859.0,62.870688085838964,-132.11116477033048
381,2512186,Puerto del Rosario,0.0,320.0,ES,0.59,56.07,59.0,59.0,1020.0,87.0,,,,
382,3407762,Amapá,94.0,58.0,BR,72.72,79.7,72.72,72.72,1010.0,94.0,1010.0,994.0,,
383,5571109,Lake Shasta,51.0,344.0,US,42.94,38.39,41.0,45.0,1028.0,80.0,,,,
384,3464364,Ecoporanga,16.0,72.0,BR,66.69,71.47,66.69,66.69,1014.0,94.0,1014.0,986.0,-27.638243230721088,129.5367250790813
385,2031964,Darhan,0.0,185.0,MN,6.19,-3.19,6.19,6.19,1032.0,86.0,1032.0,944.0,68.87843357964874,-128.78589789635964
386,2229752,Kumba,98.0,25.0,CM,72.73,80.1,72.73,72.73,1009.0,94.0,1009.0,983.0,-79.08395487593799,-80.79026971266985
387,2156643,Mount Gambier,90.0,120.0,AU,5.72,51.01,57.2,57.2,1012.0,93.0,,,60.47745793048128,162.53633173611678
388,5423294,Golden,5.0,160.0,US,20.01,9.77,15.01,24.8,1013.0,68.0,,,-83.95413254960006,104.58796075803014
389,1214488,Meulaboh,98.0,152.0,ID,81.41,86.23,81.41,81.41,1013.0,70.0,1013.0,1012.0,27.09890454233299,-141.75516447074756
390,2315417,Inongo,50.0,192.0,CD,72.23,75.92,72.23,72.23,1008.0,84.0,1008.0,974.0,-37.7673162679383,142.19966848236976
391,1651810,Airai,51.0,255.0,TL,67.89,73.08,67.89,67.89,1006.0,100.0,1006.0,853.0,42.70179135984094,-46.817300670708875
392,2063056,Port Augusta,42.0,180.0,AU,87.53,84.43,77.0,91.0,1010.0,50.0,,,85.98657123283564,41.44038273198581
393,3361934,Saldanha,0.0,210.0,ZA,5.72,54.55,57.2,57.2,1014.0,76.0,,,67.9668064116662,-168.8135387279606
394,899825,Petauke,100.0,108.0,ZM,66.33,70.45,66.33,66.33,1011.0,93.0,1011.0,899.0,-44.23838218077477,-81.93551150190544
395,2122262,Palana,100.0,41.0,RU,1.58,-0.45,15.8,15.8,989.0,94.0,989.0,959.0,-13.73221778324789,-44.40490503076717
396,2170260,Corowa,100.0,7.0,AU,78.01,83.43,78.01,78.01,1010.0,68.0,,,12.290453623439504,-28.810949063882134
397,4507568,Butler,1.0,70.0,US,30.25,21.27,28.99,30.99,1021.0,63.0,,,24.210542745995255,-39.80929418361896
398,3401148,Cururupu,100.0,76.0,BR,75.07,82.51,75.07,75.07,1009.0,91.0,1009.0,1008.0,41.903460571176225,157.28928981058988
399,2112309,Katsuura,40.0,33.33,JP,48.85,33.06,48.0,51.01,1011.0,45.0,,,-14.282937124743768,-5.478104069121315
400,3840092,Puerto Madryn,18.0,227.0,AR,65.82,48.99,65.82,65.82,1008.0,32.0,1008.0,1006.0,-72.58370145990969,-167.74506029742503
401,116102,Shādegān,75.0,100.0,IR,6.44,59.41,64.4,64.4,1017.0,82.0,,,,
402,2206894,Hokitika,39.0,253.0,NZ,59.54,54.05,59.54,59.54,1018.0,74.0,1018.0,1017.0,56.733009038415844,84.01675362511406
403,3664980,Boa Vista,0.0,100.0,BR,7.88,85.87,78.8,78.8,1010.0,78.0,,,15.563246048929372,-174.70275684353615
404,3680176,Juan de Acosta,20.0,10.0,CO,8.06,85.75,80.6,80.6,1009.0,83.0,,,,
405,5364271,Laguna,1.0,53.0,US,44.91,41.25,43.0,46.99,1027.0,75.0,,,75.86773871825957,-174.1169163480651
406,4565090,Guánica,17.0,346.0,PR,70.59,73.74,66.99,73.99,1015.0,79.0,,,,
407,2537881,Safi,0.0,223.0,MA,6.03,59.47,60.3,60.3,1017.0,82.0,1017.0,1015.0,,
408,5919915,Chapleau,48.0,149.0,CA,7.61,-1.37,7.61,7.61,1031.0,86.0,1031.0,975.0,-30.257014859660202,134.55278280095365
409,3421319,Nuuk,22.0,60.0,GL,24.39,12.25,24.01,24.8,1007.0,85.0,,,-2.35422518315481,84.33640758377481
410,681036,Comana,90.0,0.0,RO,0.41,36.99,41.0,41.0,1026.0,86.0,,,-40.43336099630453,-106.8683999737187
411,3416888,Grindavik,75.0,70.0,IS,4.28,28.42,42.8,42.8,999.0,68.0,,,5.259101697885768,4.514171684248851
412,3492997,Samaná,0.0,43.0,DO,72.88,75.63,72.88,72.88,1015.0,80.0,1015.0,1010.0,,
413,2425791,Kibala,0.0,5.0,TD,6.26,61.83,62.6,62.6,1010.0,77.0,,,-31.94639125865273,163.17779063533652
414,113632,Taft,42.0,180.0,IR,3.56,30.24,35.6,35.6,1024.0,74.0,,,-26.631106531342212,32.104039809358454
415,1847947,Shingū,75.0,32.21,JP,4.46,28.53,44.6,44.6,1019.0,48.0,,,,
416,1631637,Pemangkat,100.0,323.0,ID,83.59,89.2,83.59,83.59,1010.0,69.0,1010.0,1002.0,0.01574296205392045,-151.7286572908009
417,3580477,West Bay,20.0,70.0,KY,77.52,84.47,75.0,79.0,1013.0,88.0,,,-36.90366565167975,83.4505829459332
418,361058,Alexandria,40.0,280.0,EG,6.44,62.71,64.4,64.4,1014.0,77.0,,,78.63861142769042,13.887988439319287
419,2123278,Mil'kovo,64.0,29.0,RU,19.22,9.77,19.22,19.22,979.0,94.0,979.0,957.0,,
420,935214,Saint-Pierre,20.0,20.0,RE,76.35,79.93,68.0,82.4,1014.0,69.0,,,54.82479608805002,164.503234448817
421,2635881,Thurso,64.0,170.0,GB,4.64,38.17,46.4,46.4,1001.0,75.0,,,36.38320487112503,131.34371869732723
422,4987617,Cadillac,40.0,100.0,US,17.37,8.42,17.01,17.6,1024.0,78.0,,,-41.971981839024764,113.73600640893386
423,515879,Oktyabr'skiy,100.0,188.0,RU,15.51,5.07,15.51,15.51,1030.0,95.0,1030.0,1013.0,,
424,3421719,Narsaq,50.0,70.0,GL,3.74,13.86,37.4,37.4,1000.0,40.0,,,-12.95895521878731,15.051441346475372
425,1736660,Kota Belud,20.0,270.0,MY,87.46,97.09,87.01,87.8,1010.0,74.0,,,49.72602383259917,-78.66495284021296
426,3414079,Olafsvik,96.0,49.0,IS,37.94,16.88,37.94,37.94,1004.0,84.0,1004.0,1000.0,81.85171551863121,87.16624683092004
427,2381972,Adrar,0.0,59.0,MR,64.15,56.21,64.15,64.15,1013.0,27.0,1013.0,968.0,-19.349723680779363,134.00590926117366
428,64814,Bandarbeyla,51.0,17.0,SO,74.98,70.52,74.98,74.98,1015.0,77.0,1015.0,1002.0,52.23921683253744,8.383963178357106
429,1242110,Kalmunai,39.0,89.0,LK,8.15,85.42,81.5,81.5,1013.0,67.0,1013.0,1012.0,45.87668333541612,163.26993239970693
430,1033356,Nampula,20.0,20.0,MZ,7.32,76.37,73.0,73.4,1013.0,94.0,,,62.48424176088881,-148.4515197208834
431,4012406,Cuauhtémoc,0.0,8.99,MX,0.34,25.74,34.0,34.0,991.0,45.0,,,,
432,5367788,Lompoc,1.0,340.0,US,49.71,45.5,48.0,51.01,1024.0,87.0,,,44.28562264790253,146.76518615566476
433,64435,Berbera,51.0,155.0,SO,7.41,74.03,74.1,74.1,1017.0,62.0,1017.0,1017.0,-74.75905215698438,71.18094770859594
434,1511304,Askiz,100.0,243.0,RU,15.19,4.62,15.19,15.19,1040.0,90.0,1040.0,995.0,26.488570016473574,155.43706950111203
435,3422683,Kangaatsiaq,100.0,124.0,GL,19.33,8.6,19.33,19.33,1010.0,91.0,1010.0,1010.0,-80.49938018817724,-160.42548470742702
436,1492607,Severnoye,100.0,196.0,RU,6.42,-3.6,6.42,6.42,1035.0,95.0,1035.0,1019.0,26.63857769382109,-7.670283082632551
437,3694112,Paita,18.0,163.0,PE,67.62,66.74,67.62,67.62,1013.0,83.0,1013.0,1005.0,-28.92742921355046,-31.795093234315743
438,3587498,Acajutla,2.0,358.0,SV,77.11,81.5,77.11,77.11,1013.0,75.0,1013.0,1009.0,-13.953274926368891,165.47243966333048
439,1634614,Nabire,96.0,319.0,ID,89.35,94.17,89.35,89.35,1006.0,56.0,1006.0,1005.0,-60.35895505347662,111.71939273560622
440,1489907,Tayga,75.0,110.0,RU,2.26,-7.87,-2.0,5.0,1036.0,84.0,,,-41.550417055725255,145.56726576205682
441,1853174,Sakaiminato,75.0,40.26,JP,3.67,17.01,33.8,41.0,1020.0,86.0,,,-78.51968170572133,33.12080378906708
442,6096551,Pangnirtung,100.0,87.0,CA,7.92,0.34,7.92,7.92,1013.0,73.0,1013.0,1013.0,47.979762023544964,-47.778146960635326
443,3924674,Xapuri,63.0,21.0,BR,73.09,79.75,73.09,73.09,1009.0,92.0,1009.0,989.0,66.87791808021075,-80.71506483806571
444,1513491,Yangi Marg`ilon,75.0,64.0,UZ,3.02,24.76,30.2,30.2,1034.0,86.0,,,,
445,3444105,San Matías,31.0,353.0,BO,76.15,79.27,76.15,76.15,1009.0,74.0,1009.0,995.0,,
446,2092164,Lorengau,91.0,65.0,PG,84.61,91.9,84.61,84.61,1005.0,75.0,1005.0,1005.0,70.25154526456743,24.066649420917145
447,2820256,Ulm,100.0,92.0,DE,36.36,31.95,35.01,37.0,1033.0,88.0,,,,
448,3424941,Miquelon,100.0,279.0,PM,29.86,-3.98,29.86,29.86,994.0,94.0,994.0,994.0,-35.210686094151484,85.91031398299509
449,3531368,Celestún,67.0,64.0,MX,74.23,79.47,74.23,74.23,1013.0,89.0,1013.0,1013.0,,
450,2132606,Samarai,2.0,74.0,PG,84.16,87.8,84.16,84.16,1004.0,70.0,1004.0,1004.0,12.95195378674498,-118.47527020489156
451,359792,Aswān,0.0,352.0,EG,52.48,45.01,52.48,52.48,1019.0,54.0,1019.0,1007.0,,
452,2191562,Dunedin,97.0,142.0,NZ,6.21,60.06,61.0,63.0,1000.0,72.0,,,-85.70126580970265,155.58595180731993
453,3405215,Bonfim,31.0,45.0,BR,77.76,81.97,77.76,77.76,1010.0,75.0,1010.0,1000.0,30.577068323090643,-128.2859195868039
454,2455290,Kidal,0.0,64.0,ML,7.02,62.42,70.2,70.2,1013.0,23.0,1013.0,961.0,-11.96461567308144,-152.94841743630496
455,921786,Mitsamiouli,33.0,345.0,KM,82.51,86.16,82.51,82.51,1011.0,68.0,1011.0,1011.0,-75.08635882866604,168.2069195573136
456,5856516,‘Āhuimanu,40.0,90.0,US,77.59,77.67,73.0,80.6,1014.0,65.0,,,,
457,2643044,Margate,72.0,8.01,GB,48.43,44.89,48.0,48.99,1005.0,86.0,,,30.41662685817043,170.2915930968128
458,1053384,Toamasina,75.0,220.0,MG,7.52,78.76,75.2,75.2,1014.0,83.0,,,55.667015562945494,162.58683323700882
459,3573374,The Valley,20.0,30.0,AI,0.77,84.11,75.99,78.01,1014.0,83.0,,,-5.558269970236907,98.77183397080665
460,5105640,Union,1.0,20.0,US,29.55,19.96,28.0,30.2,1029.0,46.0,,,-31.425649846249527,-47.026051807170035
461,1503037,Kodinsk,19.0,292.0,RU,12.51,-24.74,-12.51,-12.51,1029.0,83.0,1029.0,1010.0,-73.28573099768563,150.01713830615773
462,2637762,Skegness,0.0,150.0,GB,43.29,35.94,42.8,44.01,1007.0,100.0,,,-64.00134163126415,-64.93152287733218
463,5520677,Eagle Pass,0.0,8.01,US,51.01,44.28,51.01,51.01,1018.0,36.0,,,-83.14389119636277,84.49813616999819
464,3513563,Kralendijk,61.0,80.0,BQ,8.06,85.12,80.6,80.6,1012.0,83.0,,,-55.228951768698714,-15.345607170354725
465,3664525,Codajás,100.0,153.0,BR,70.83,78.01,70.83,70.83,1010.0,98.0,1010.0,1006.0,,
466,1803886,Lianran,40.0,220.0,CN,0.59,48.99,59.0,59.0,1025.0,72.0,,,26.472448390449586,52.84824019843501
467,3577154,Oranjestad,20.0,80.0,AW,8.06,82.69,80.6,80.6,1011.0,78.0,,,-61.16390692712551,-78.06492733383583
468,3192224,Pula,0.0,60.0,HR,0.41,36.36,41.0,41.0,1021.0,86.0,,,29.096493372780742,101.91865980727204
469,1511309,Asino,100.0,127.0,RU,7.73,-17.1,-7.73,-7.73,1039.0,89.0,1039.0,1025.0,85.47432090826032,-83.14691253912956
470,1733782,Labuan,40.0,180.0,MY,0.86,95.5,86.0,86.0,1011.0,74.0,,,-24.88226684261926,56.042962679630534
471,2146219,Hervey Bay,4.0,30.0,AU,87.21,86.4,87.01,87.8,1008.0,52.0,,,-41.44910895163717,-124.15733025294278
472,4748305,Bon Air,1.0,40.0,US,28.51,21.81,26.6,30.0,1026.0,100.0,,,60.62246776762876,177.15344652123633
473,3381538,Grand-Santi,100.0,36.0,GF,72.09,79.29,72.09,72.09,1010.0,97.0,1010.0,1003.0,-40.228271069701016,150.9889907103909
474,3592086,Ocós,20.0,352.0,GT,70.79,77.47,66.0,75.2,1012.0,100.0,,,,
475,2525550,Bisignano,97.0,70.0,IT,45.03,39.54,42.8,46.0,1022.0,93.0,,,45.54183626141162,105.3945486717634
476,1263752,Māngrol,16.0,28.0,IN,69.66,61.72,69.66,69.66,1018.0,53.0,1018.0,1016.0,,
477,5158275,Huron,100.0,8.99,US,27.63,21.04,27.0,28.0,1024.0,76.0,,,48.63154342633956,-155.22487182677213
478,3515479,Tlacotalpan,97.0,134.0,MX,71.46,77.09,71.46,71.46,1012.0,92.0,1012.0,1012.0,83.77048845385704,12.081414406857647
479,551047,Kerchevskiy,100.0,195.0,RU,15.78,5.99,15.78,15.78,1023.0,96.0,1023.0,1006.0,-36.07174371120474,170.1866561515464
480,6138201,Saint-Félicien,5.0,280.0,CA,0.94,-21.41,-9.4,-9.4,1030.0,63.0,,,,
481,3577430,Road Town,1.0,7.0,VG,76.66,82.6,75.99,77.0,1012.0,89.0,,,0.9049965598302805,-34.284511018148606
482,1213855,Sibolga,100.0,286.0,ID,82.13,89.11,82.13,82.13,1012.0,68.0,1012.0,1011.0,78.62924695359311,143.11034290698854
483,2155562,Nelson Bay,40.0,50.0,AU,84.09,82.47,84.0,84.2,1008.0,70.0,,,-35.17574883733221,-110.87469524434547
484,2179537,Wellington,8.0,360.0,NZ,63.75,49.19,62.01,66.2,1017.0,68.0,,,-45.072489948967366,126.92651229480407
485,3463993,Espera Feliz,100.0,353.0,BR,65.66,68.0,65.66,65.66,1013.0,93.0,1013.0,928.0,64.0657512031699,62.257801017270225
486,3701329,San Miguelito,20.0,310.0,PA,77.74,84.18,75.99,78.8,1010.0,88.0,,,-36.36575068117578,69.87303118597436
487,4034496,Fare,49.0,74.0,PF,81.45,80.22,81.45,81.45,1012.0,72.0,1012.0,1012.0,-85.38166478762915,-120.88235414416292
488,2236053,Abong Mbang,37.0,235.0,CM,67.05,70.45,67.05,67.05,1010.0,86.0,1010.0,933.0,58.51821697424427,-49.25606692966221
489,1861416,Ishigaki,75.0,30.0,JP,6.44,56.23,64.4,64.4,1023.0,93.0,,,-0.6151735283944504,-31.455717838885334
490,2032614,Baruun-Urt,0.0,244.0,MN,0.18,-16.56,-1.8,-1.8,1032.0,87.0,1032.0,906.0,-3.054564469697425,-110.37681527150335
491,3407407,Aquiraz,75.0,70.0,BR,8.06,85.12,80.6,80.6,1010.0,83.0,,,39.253131638694725,-156.63758153926443
492,2281120,Tabou,92.0,197.0,CI,77.92,83.46,77.92,77.92,1009.0,86.0,1009.0,1009.0,25.318768572922295,51.58317171560657
493,2120612,Tigil',80.0,38.0,RU,1.92,9.88,19.2,19.2,986.0,94.0,986.0,979.0,,
494,72181,Marzuq,12.0,324.0,YE,53.85,49.01,53.85,53.85,1019.0,38.0,1019.0,889.0,-69.19855927955899,-173.87377159369564
495,3461733,Guiratinga,85.0,107.0,BR,73.71,78.73,73.71,73.71,1011.0,79.0,1011.0,958.0,89.50724836209085,-171.93700850253782
496,6149374,Slave Lake,90.0,62.0,CA,1.04,3.6,10.4,10.4,1001.0,85.0,,,13.220501104528722,-75.07147225755642
497,2109528,Buala,100.0,301.0,SB,83.43,89.02,83.43,83.43,1004.0,80.0,1004.0,1004.0,86.89348540631624,-112.71624465282066
498,2120048,Ust-Nera,87.0,31.0,RU,22.74,-32.28,-22.74,-22.74,1023.0,77.0,1023.0,957.0,76.0778552860913,-6.1719551142427065
499,5972762,Hay River,75.0,270.0,CA,1.75,-27.06,-18.4,-16.6,1013.0,75.0,,,50.62483438351319,71.64339733119314
500,1529376,Korla,64.0,221.0,CN,24.78,19.65,24.78,24.78,1038.0,83.0,1038.0,922.0,-25.367097823231674,49.4666888922805
501,2640377,Penzance,100.0,47.2,GB,5.18,33.06,51.8,51.8,997.0,93.0,,,9.608658018163638,112.03622762209181
502,4726521,San Patricio,1.0,327.0,US,52.16,48.09,51.01,53.6,1015.0,81.0,,,-0.2639980693487871,3.5691822092270797
503,2282006,San-Pédro,82.0,226.0,CI,77.05,84.0,77.05,77.05,1009.0,87.0,1009.0,1009.0,,
504,2012956,Yerbogachën,100.0,265.0,RU,4.67,-14.71,-4.67,-4.67,1015.0,91.0,1015.0,979.0,,
505,2171722,Charters Towers,96.0,13.0,AU,90.86,89.02,90.86,90.86,1004.0,42.0,1004.0,971.0,-40.93395487534095,-81.2525877030502
506,4505215,Amberley,40.0,60.0,US,30.61,21.04,28.99,32.0,1021.0,63.0,,,-45.890646688703086,140.10070898711928
507,2168305,Dubbo,82.0,90.0,AU,8.24,82.38,82.4,82.4,1007.0,58.0,,,59.947487491288484,-129.20791678928663
508,3191648,Zlobin,83.0,49.0,HR,28.99,24.22,28.99,28.99,1019.0,91.0,,,54.98905619572105,-2.4053879146869406
509,3389321,Santa Rita,40.0,90.0,BR,0.77,82.4,77.0,77.0,1012.0,88.0,,,0.5045430867948824,53.805746850368195
510,3420846,Qaqortoq,65.0,70.0,GL,3.74,13.86,37.4,37.4,1000.0,40.0,,,-19.35011769110669,46.38495795455552
511,2120591,Tilichiki,96.0,11.0,RU,1.21,-15.81,-1.21,-1.21,997.0,94.0,997.0,966.0,-3.275103323281485,-165.1364697749302
512,101312,Turaif,40.0,200.0,SA,4.64,41.22,46.4,46.4,1015.0,93.0,,,,
513,2016680,Shirokiy,2.0,292.0,RU,6.16,-18.11,-6.16,-6.16,1023.0,84.0,1023.0,999.0,-69.99747934341289,-46.109099303295295
514,292968,Abu Dhabi,0.0,120.0,AE,61.83,60.78,60.8,62.6,1019.0,72.0,,,-45.07787143735156,172.5595920027268
515,110690,Faya,0.0,276.0,SA,4.82,44.6,46.4,50.0,1024.0,70.0,,,-8.548364185891941,114.6838523054127
516,3572462,Dunmore Town,0.0,140.0,BS,76.19,78.57,76.19,76.19,1016.0,80.0,1016.0,1016.0,-42.16918865480136,-147.87407527910455
517,2027109,Barguzin,100.0,265.0,RU,16.63,8.11,16.63,16.63,1023.0,92.0,1023.0,958.0,-4.048087250480108,70.79183190417157
518,2094342,Kavieng,81.0,64.0,PG,85.26,92.03,85.26,85.26,1005.0,68.0,1005.0,1004.0,-74.47744852943228,-110.52781883778512
519,3450206,Santa Helena de Goiás,100.0,244.0,BR,72.16,73.49,72.16,72.16,1012.0,84.0,1012.0,949.0,,
520,2629833,Husavik,90.0,300.0,IS,3.74,25.84,37.4,37.4,1008.0,91.0,,,-34.347384956674034,178.82566972124766
521,1701054,Marawi,78.0,10.0,PH,0.81,88.16,81.0,81.0,1009.0,83.0,,,24.766021824950357,58.4929207056943
522,1571968,Ninh Binh,97.0,346.0,VN,53.78,45.52,53.78,53.78,1026.0,62.0,1026.0,1025.0,1.3374795899579084,-131.52291065756296
523,2445704,Diffa,75.0,34.0,NE,66.51,58.3,66.51,66.51,1012.0,31.0,1012.0,977.0,4.762785432105034,-147.22505367049462
524,1714733,Dingle,100.0,37.0,PH,82.96,85.73,82.96,82.96,1011.0,79.0,1011.0,1008.0,-41.64392255130468,-85.22230420335399
525,3382160,Cayenne,95.0,56.0,GF,0.77,85.95,77.0,77.0,1011.0,100.0,,,57.53221705280265,-106.20470204111828
526,3105522,Bereda,100.0,10.0,ES,48.99,45.01,48.0,50.0,1003.0,94.0,,,-42.88970230481774,110.19887254317285
527,540761,Kropotkin,50.0,320.0,RU,37.11,31.06,37.11,37.11,1018.0,94.0,1018.0,1007.0,-87.94647382165067,-77.34131387516562
528,3705562,Los Algarrobos,56.0,12.0,PA,7.18,76.62,71.8,71.8,1012.0,87.0,1012.0,995.0,-84.54409770046486,-87.53068247335
529,2206874,Waipawa,10.0,360.0,NZ,64.27,49.86,63.0,66.2,1017.0,68.0,,,-34.91561829045757,-43.39570397130353
530,6148373,Sioux Lookout,90.0,140.0,CA,0.05,-3.14,5.0,5.0,1017.0,84.0,,,-12.784980501336747,20.585719487190715
531,1683737,Taloy,66.0,252.0,PH,82.33,87.78,82.33,82.33,1014.0,68.0,1014.0,980.0,15.071083896105492,58.625968522657956
532,2013727,Vanavara,100.0,283.0,RU,12.03,-24.03,-12.03,-12.03,1023.0,87.0,1023.0,985.0,18.41452088359688,-109.31774278625275
533,2210247,Tripoli,97.0,183.0,LY,60.31,55.47,60.31,60.31,1021.0,44.0,1021.0,1019.0,76.59255222655347,170.70675914508877
534,2014718,Tynda,0.0,262.0,RU,20.69,-29.4,-20.69,-20.69,1025.0,80.0,1025.0,953.0,-64.51599973527678,-6.37574433685856
535,100926,Umluj,0.0,52.0,SA,66.72,58.53,66.72,66.72,1016.0,47.0,1016.0,1013.0,,
536,933726,Hukuntsi,87.0,45.0,BW,75.49,70.88,75.49,75.49,1009.0,57.0,1009.0,888.0,-32.85554285278238,-144.60104782218056
537,4692856,Galveston,90.0,350.0,US,50.23,41.61,48.99,53.01,1015.0,87.0,,,-17.663111385226088,48.787484125039526
538,1803331,Linxia Chengguanzhen,67.0,57.0,CN,23.61,17.67,23.61,23.61,1030.0,82.0,1030.0,814.0,,
539,3622537,Parrita,40.0,230.0,CR,66.34,69.4,64.99,68.0,1016.0,88.0,,,75.32171219172716,-76.08995524177172
540,3395458,Maragogi,86.0,82.0,BR,76.12,80.49,76.12,76.12,1011.0,85.0,1011.0,1008.0,88.48046467364395,-132.11931367289776
541,1494941,Pirovskoye,1.0,278.0,RU,18.58,-28.71,-18.58,-18.58,1040.0,86.0,1040.0,1015.0,-74.10747844887806,-113.04106613019019
542,2021041,Kyra,37.0,269.0,RU,6.93,-1.1,6.93,6.93,1028.0,74.0,1028.0,914.0,15.793973094642013,171.59523070936228
543,347634,Ţahţā,0.0,280.0,EG,50.16,43.02,46.4,53.6,1017.0,54.0,,,,
544,473998,Veshenskaya,100.0,42.0,RU,27.79,20.5,27.79,27.79,1022.0,98.0,1022.0,1013.0,67.0746595204333,84.78546602431908
545,5314245,Show Low,1.0,26.0,US,22.62,13.37,21.99,23.0,1023.0,62.0,,,-10.155925507399857,24.15484172161254
546,601734,Daşoguz,40.0,90.0,TM,0.14,1.81,14.0,14.0,1033.0,85.0,,,,
547,5983607,Inuvik,98.0,340.0,CA,1.66,-27.4,-16.6,-16.6,1023.0,75.0,1023.0,1022.0,-27.534107243651825,-56.86494087397503
548,1586185,Cao Bang,100.0,68.0,VN,53.96,49.14,53.96,53.96,1027.0,46.0,1027.0,1003.0,-21.68616739848578,-172.44264217958636
549,2025256,Chumikan,100.0,255.0,RU,9.81,-31.79,-9.81,-9.81,1012.0,79.0,1012.0,1012.0,74.61251595056353,143.56835825789892
550,942511,Vryburg,0.0,21.0,ZA,71.24,70.7,71.24,71.24,1013.0,64.0,1013.0,883.0,-27.27998442830313,-16.165548029595328
551,1267076,Khammam,0.0,65.0,IN,7.59,78.89,75.9,75.9,1018.0,70.0,1018.0,1003.0,-14.658882389023873,-132.666692182873
552,4760059,Fredericksburg,1.0,72.0,US,26.82,20.86,26.01,28.0,1029.0,86.0,,,-52.80479785537499,-28.445640199666627
553,6145890,Shelburne,100.0,66.0,CA,14.54,4.57,12.99,16.0,1031.0,91.0,1031.0,969.0,-1.3409480427608003,167.53658710502577
554,1809879,Guangshui,0.0,42.0,CN,42.04,32.43,42.04,42.04,1036.0,53.0,1036.0,1025.0,-48.788843919441945,99.21429234623685
555,2037355,Fushun,0.0,250.0,CN,1.22,1.83,12.2,12.2,1035.0,39.0,,,43.670722627615504,134.34906053393956
556,1488903,Turukhansk,100.0,187.0,RU,15.27,-29.85,-15.27,-15.27,1026.0,88.0,1026.0,1020.0,-29.647026781925994,16.78982036941946
557,538061,Kuybyshevo,67.0,356.0,RU,30.74,20.86,30.74,30.74,1022.0,96.0,1022.0,1018.0,-46.11318039954616,-146.28394376221905
558,2013921,Ust-Kuyga,99.0,197.0,RU,29.69,-37.35,-29.69,-29.69,1027.0,80.0,1027.0,1017.0,51.84529670986035,-58.2816223170682
559,214575,Kampene,96.0,125.0,CD,6.67,71.38,66.7,66.7,1010.0,98.0,1010.0,938.0,-26.62863582888309,140.56696429720137
